Cntry,LegEnvt,GeogZone1,IntalCCY,GdpGwth,Year,FxRate,InflatioIndx,OECDSTInterbkRate,M3
Australia,Common Wealth,Asia & Pacific,AUD,4.127,1981,0.8866,34.7695088882193,,5.506837
Australia,Common Wealth,Asia & Pacific,AUD,0.063,1982,1.01978,38.71648086773121,,6.123012999999999
Australia,Common Wealth,Asia & Pacific,AUD,-0.474,1983,1.10865,42.6031937330521,,6.912350999999999
Australia,Common Wealth,Asia & Pacific,AUD,6.346,1984,1.20802,44.29044893040071,,7.853289999999999
Australia,Common Wealth,Asia & Pacific,AUD,5.456,1985,1.46864,47.273275082856294,,9.09878
Australia,Common Wealth,Asia & Pacific,AUD,2.448,1986,1.50421,51.5516721904188,,10.09699
Australia,Common Wealth,Asia & Pacific,AUD,4.893,1987,1.38408,55.9505875263634,,11.158539999999999
Australia,Common Wealth,Asia & Pacific,AUD,4.253,1988,1.1689100000000001,59.9879481771618,,12.59707
Australia,Common Wealth,Asia & Pacific,AUD,4.569,1989,1.2615100000000001,64.5073817414884,,15.44178
Australia,Common Wealth,Asia & Pacific,AUD,1.5030000000000001,1990,1.29316,69.23772220548359,12.58,17.49278
Australia,Common Wealth,Asia & Pacific,AUD,-1.113,1991,1.3161399999999999,71.4371798734559,8.5,18.44012
Australia,Common Wealth,Asia & Pacific,AUD,2.6519999999999997,1992,1.45222,72.1602892437481,5.75,19.060679999999998
Australia,Common Wealth,Asia & Pacific,AUD,3.949,1993,1.47689,73.4257306417596,4.75,20.11178
Australia,Common Wealth,Asia & Pacific,AUD,4.888,1994,1.2873299999999999,74.8719493823441,7.05,21.65374
Australia,Common Wealth,Asia & Pacific,AUD,2.955,1995,1.34228,78.3368484483278,7.5,23.47127
Australia,Common Wealth,Asia & Pacific,AUD,4.298,1996,1.25549,80.3856583308225,6.18,25.63917
Australia,Common Wealth,Asia & Pacific,AUD,4.164,1997,1.5321,80.5664356733956,5.0,27.79393
Australia,Common Wealth,Asia & Pacific,AUD,4.8660000000000005,1998,1.62893,81.25941548659229,4.76,29.694000000000003
Australia,Common Wealth,Asia & Pacific,AUD,4.244,1999,1.52952,82.4645977704128,5.0,32.46965
Australia,Common Wealth,Asia & Pacific,AUD,3.0860000000000003,2000,1.80505,86.1404037360651,6.25,34.83396
Australia,Common Wealth,Asia & Pacific,AUD,2.576,2001,1.95848,89.93672793009941,4.28,37.78581
Australia,Common Wealth,Asia & Pacific,AUD,3.9960000000000004,2002,1.76616,92.6182585115999,4.75,41.2494
Australia,Common Wealth,Asia & Pacific,AUD,3.0210000000000004,2003,1.33333,95.1491413076228,5.23,45.47874
Australia,Common Wealth,Asia & Pacific,AUD,4.0360000000000005,2004,1.2837,97.3787285326906,5.25,50.27945
Australia,Common Wealth,Asia & Pacific,AUD,3.213,2005,1.36295,100.0,5.5,54.4906
Australia,Common Wealth,Asia & Pacific,AUD,2.654,2006,1.2637399999999999,103.55528773726999,6.25,60.350840000000005
Australia,Common Wealth,Asia & Pacific,AUD,4.52,2007,1.1343,105.965652304911,6.75,70.57585
Australia,Common Wealth,Asia & Pacific,AUD,2.675,2008,1.4434200000000001,110.57547454052401,4.35,84.59696
Australia,Common Wealth,Asia & Pacific,AUD,1.565,2009,1.11495,112.533895751732,3.74,94.65486999999999
Australia,Common Wealth,Asia & Pacific,AUD,2.259,2010,0.9839600000000001,115.818017475143,4.75,100.0
Australia,Common Wealth,Asia & Pacific,AUD,2.721,2011,0.98464,119.644471226273,4.3,109.6543
Australia,Common Wealth,Asia & Pacific,AUD,3.6,2012,0.9610799999999999,121.753540222959,3.03,118.2895
Australia,Common Wealth,Asia & Pacific,AUD,2.057,2013,1.1280299999999999,124.73636637541401,2.5,126.1671
Australia,Common Wealth,Asia & Pacific,AUD,2.616,2014,1.2192100000000001,128.116902681531,2.5,135.2948
Australia,Common Wealth,Asia & Pacific,AUD,2.479,2015,1.36874,131.50587526363398,2.0,144.4927
Austria,German assimilated,Europe,EUR,3.4419999999999997,1991,0.7767999244202521,76.892,,32.367329999999995
Austria,German assimilated,Europe,EUR,2.094,1992,0.8251273591418791,79.525,,34.91829
Austria,German assimilated,Europe,EUR,0.527,1993,0.8824662253003199,82.1,,37.35133
Austria,German assimilated,Europe,EUR,2.4019999999999997,1994,0.7971483179872529,84.325,5.24,39.12202
Austria,German assimilated,Europe,EUR,2.668,1995,0.733123551085369,85.675,5.62,40.34724
Austria,German assimilated,Europe,EUR,2.398,1996,0.796058225474735,87.211,4.04,42.52234
Austria,German assimilated,Europe,EUR,2.205,1997,0.918075914042572,88.22,3.98,44.252959999999995
Austria,German assimilated,Europe,EUR,3.56,1998,0.853687782969848,88.947,3.09,46.53604
Austria,German assimilated,Europe,EUR,3.59,1999,0.9954200000000001,89.405,3.0418,48.73471
Austria,German assimilated,Europe,EUR,3.3680000000000003,2000,1.07469,91.15700000000001,4.8268,51.52342
Austria,German assimilated,Europe,EUR,1.351,2001,1.13469,93.24799999999999,3.3389,55.700219999999995
Austria,German assimilated,Europe,EUR,1.656,2002,0.9535600000000001,94.833,3.0945,59.7446
Austria,German assimilated,Europe,EUR,0.7559999999999999,2003,0.79177,96.06299999999999,2.0567,64.32502
Austria,German assimilated,Europe,EUR,2.7060000000000004,2004,0.73416,97.936,2.0535,67.96205
Austria,German assimilated,Europe,EUR,2.141,2005,0.84767,100.0,2.2757,73.11236
Austria,German assimilated,Europe,EUR,3.3510000000000004,2006,0.7593,101.69,3.5011,79.42214
Austria,German assimilated,Europe,EUR,3.622,2007,0.6793,103.93,3.8791,88.23994
Austria,German assimilated,Europe,EUR,1.547,2008,0.71855,107.28,2.4864,97.42315
Austria,German assimilated,Europe,EUR,-3.799,2009,0.69416,107.71,0.3546,101.1369
Austria,German assimilated,Europe,EUR,1.88,2010,0.74839,109.53,0.4981,100.0
Austria,German assimilated,Europe,EUR,3.071,2011,0.77286,113.42,0.627,100.9925
Austria,German assimilated,Europe,EUR,0.884,2012,0.7579199999999999,116.34,0.0734,103.7464
Austria,German assimilated,Europe,EUR,0.228,2013,0.72511,118.803,0.1687,105.6852
Austria,German assimilated,Europe,EUR,2.3409999999999997,1986,0.996344556441357,68.696,,20.891479999999998
Austria,German assimilated,Europe,EUR,1.681,1987,0.817569384388422,69.663,,22.5295
Austria,German assimilated,Europe,EUR,0.961,1988,0.913134161319157,70.964,,24.35963
Austria,German assimilated,Europe,EUR,3.887,1989,0.8586295356932621,72.561,,26.60067
Austria,German assimilated,Europe,EUR,4.346,1990,0.7759278504102379,74.567,,29.539990000000003
Austria,German assimilated,Europe,EUR,0.353,2014,0.8236600000000001,120.87100000000001,-0.0301,107.4903
Austria,German assimilated,Europe,EUR,0.8759999999999999,2015,0.91853,122.925,-0.19899999999999998,114.0445
Belgium,French Civil Assimilated,Europe,EUR,1.551,1996,0.7933832260367529,85.25399999999999,4.04,42.52234
Belgium,French Civil Assimilated,Europe,EUR,3.7430000000000003,1997,0.9152228934628001,86.531,3.98,44.252959999999995
Belgium,French Civil Assimilated,Europe,EUR,2.006,1998,0.857091861903475,87.32,3.09,46.53604
Belgium,French Civil Assimilated,Europe,EUR,3.716,1999,0.9954200000000001,88.307,3.0418,48.73471
Belgium,French Civil Assimilated,Europe,EUR,3.55,2000,1.07469,90.67200000000001,4.8268,51.52342
Belgium,French Civil Assimilated,Europe,EUR,0.924,2001,1.13469,92.882,3.3389,55.700219999999995
Belgium,French Civil Assimilated,Europe,EUR,1.5590000000000002,2002,0.9535600000000001,94.324,3.0945,59.7446
Belgium,French Civil Assimilated,Europe,EUR,0.89,2003,0.79177,95.74700000000001,2.0567,64.32502
Belgium,French Civil Assimilated,Europe,EUR,3.4339999999999997,2004,0.73416,97.52799999999999,2.0535,67.96205
Belgium,French Civil Assimilated,Europe,EUR,1.8940000000000001,2005,0.84767,99.999,2.2757,73.11236
Belgium,French Civil Assimilated,Europe,EUR,2.63,2006,0.7593,102.334,3.5011,79.42214
Belgium,French Civil Assimilated,Europe,EUR,3.0,2007,0.6793,104.19200000000001,3.8791,88.23994
Belgium,French Civil Assimilated,Europe,EUR,0.953,2008,0.71855,108.87200000000001,2.4864,97.42315
Belgium,French Civil Assimilated,Europe,EUR,-2.6189999999999998,2009,0.69416,108.86200000000001,0.3546,101.1369
Belgium,French Civil Assimilated,Europe,EUR,2.501,2010,0.74839,111.40100000000001,0.4981,100.0
Belgium,French Civil Assimilated,Europe,EUR,1.6380000000000001,2011,0.77286,115.13799999999999,0.627,100.9925
Belgium,French Civil Assimilated,Europe,EUR,0.095,2012,0.7579199999999999,118.16,0.0734,103.7464
Belgium,French Civil Assimilated,Europe,EUR,0.275,2013,0.72511,119.573,0.1687,105.6852
Belgium,French Civil Assimilated,Europe,EUR,1.348,2014,0.8236600000000001,120.454,-0.0301,107.4903
Belgium,French Civil Assimilated,Europe,EUR,-0.27899999999999997,1981,0.953398496277879,51.562,,13.57538
Belgium,French Civil Assimilated,Europe,EUR,0.595,1982,1.16311641823604,56.06,,15.06541
Belgium,French Civil Assimilated,Europe,EUR,0.312,1983,1.3792795718383,60.356,,16.549429999999997
Belgium,French Civil Assimilated,Europe,EUR,2.4659999999999997,1984,1.56371235426959,64.187,,17.96105
Belgium,French Civil Assimilated,Europe,EUR,1.652,1985,1.24839179075803,67.311,,19.48529
Belgium,French Civil Assimilated,Europe,EUR,1.8230000000000002,1986,1.0017377336086601,68.183,,20.891479999999998
Belgium,French Civil Assimilated,Europe,EUR,2.307,1987,0.821841402680721,69.243,,22.5295
Belgium,French Civil Assimilated,Europe,EUR,4.723,1988,0.925758368265662,70.048,,24.35963
Belgium,French Civil Assimilated,Europe,EUR,3.469,1989,0.8864672445891041,72.223,,26.60067
Belgium,French Civil Assimilated,Europe,EUR,3.137,1990,0.768048507804928,74.717,,29.539990000000003
Belgium,French Civil Assimilated,Europe,EUR,1.8330000000000002,1991,0.7751630519659201,77.083,,32.367329999999995
Belgium,French Civil Assimilated,Europe,EUR,1.531,1992,0.8225107151976079,78.825,,34.91829
Belgium,French Civil Assimilated,Europe,EUR,-0.9620000000000001,1993,0.895143517956167,80.783,,37.35133
Belgium,French Civil Assimilated,Europe,EUR,3.227,1994,0.7892434041730401,82.71700000000001,5.24,39.12202
Belgium,French Civil Assimilated,Europe,EUR,2.385,1995,0.7291788031204841,83.76700000000001,5.62,40.34724
Belgium,French Civil Assimilated,Europe,EUR,1.371,2015,0.91853,121.605,-0.19899999999999998,114.0445
Canada,Common Wealth,North America,CAD,3.503,1981,1.1859,46.299325960342905,12.8214,15.47112
Canada,Common Wealth,North America,CAD,-2.859,1982,1.2294,51.3018033599147,10.3757,16.14264
Canada,Common Wealth,North America,CAD,2.718,1983,1.2444,54.2849663915039,9.0671,16.49101
Canada,Common Wealth,North America,CAD,5.814,1984,1.3214,56.6408331541504,10.1614,17.14216
Canada,Common Wealth,North America,CAD,4.78,1985,1.3975,58.8779717109015,9.8393,18.322210000000002
Canada,Common Wealth,North America,CAD,2.421,1986,1.3805,61.335739059709994,8.1607,19.83367
Canada,Common Wealth,North America,CAD,4.253,1987,1.2998,64.0132003328129,8.5,22.000629999999997
Canada,Common Wealth,North America,CAD,4.974,1988,1.1927,66.6121327138276,10.3514,23.9712
Canada,Common Wealth,North America,CAD,2.6189999999999998,1989,1.1578,69.9140856525844,12.0625,26.90585
Canada,Common Wealth,North America,CAD,0.193,1990,1.1603,73.2459543597558,11.6161,29.745720000000002
Canada,Common Wealth,North America,CAD,-2.092,1991,1.1556,77.3584376489946,7.4018,31.64412
Canada,Common Wealth,North America,CAD,0.875,1992,1.2711,78.51299933624391,6.7946,33.2032
Canada,Common Wealth,North America,CAD,2.339,1993,1.324,79.9779371207943,3.7857,34.666579999999996
Canada,Common Wealth,North America,CAD,4.803999999999999,1994,1.4028,80.08731664906,5.5357,36.10341
Canada,Common Wealth,North America,CAD,2.738,1995,1.3652,81.8401937046005,5.7086,37.93233
Canada,Common Wealth,North America,CAD,1.68,1996,1.3696,83.1331158207672,3.01,40.02367
Canada,Common Wealth,North America,CAD,4.253,1997,1.4291,84.4727813250816,4.3357,41.94781
Canada,Common Wealth,North America,CAD,4.138,1998,1.5305,85.3066833696374,5.1129,43.47453
Canada,Common Wealth,North America,CAD,4.997,1999,1.4433,86.79499284826159,4.7586,45.09148
Canada,Common Wealth,North America,CAD,5.122999999999999,2000,1.5002,89.17049183393009,5.8,48.667640000000006
Canada,Common Wealth,North America,CAD,1.6880000000000002,2001,1.5926,91.4066955229183,2.2444,51.33893
Canada,Common Wealth,North America,CAD,2.802,2002,1.5796,93.48677629549299,2.7439,54.28951
Canada,Common Wealth,North America,CAD,1.925,2003,1.2924,96.05018370151541,2.7481,57.46643
Canada,Common Wealth,North America,CAD,3.139,2004,1.2036,97.8180186412632,2.4999,62.64755
Canada,Common Wealth,North America,CAD,3.1630000000000003,2005,1.1645,100.0,3.2437,68.69301
Canada,Common Wealth,North America,CAD,2.622,2006,1.1653,102.01744463245701,4.2482,73.81716999999999
Canada,Common Wealth,North America,CAD,2.008,2007,0.9881,104.191012181327,4.2597,81.94923
Canada,Common Wealth,North America,CAD,1.175,2008,1.2246,106.675890695261,1.5017,91.9317
Canada,Common Wealth,North America,CAD,-2.7110000000000003,2009,1.0466,106.99561547019199,0.2455,95.02455
Canada,Common Wealth,North America,CAD,3.3739999999999997,2010,1.0009,108.888722690175,0.9924,100.0
Canada,Common Wealth,North America,CAD,2.96,2011,1.021,112.036422448045,0.9998,107.5039
Canada,Common Wealth,North America,CAD,1.923,2012,0.9952,113.742556115437,0.9982,115.4304
Canada,Common Wealth,North America,CAD,2.004,2013,1.064,114.832611927043,1.0012,123.1409
Canada,Common Wealth,North America,CAD,2.4730000000000003,2014,1.1599,117.05572746735001,1.0114,133.9185
Canada,Common Wealth,North America,CAD,1.175,2015,1.3840000000000001,119.344283751063,0.5242,144.9877
Cyprus,French Civil Assimilated,Europe,EUR,4.5169999999999995,2006,0.7593,102.23899999999999,3.5011,79.42214
Cyprus,French Civil Assimilated,Europe,EUR,4.893,2007,0.6793,104.459,3.8791,88.23994
Cyprus,French Civil Assimilated,Europe,EUR,3.6210000000000004,2008,0.71855,109.04,2.4864,97.42315
Cyprus,French Civil Assimilated,Europe,EUR,-2.043,2009,0.69416,109.23700000000001,0.3546,101.1369
Cyprus,French Civil Assimilated,Europe,EUR,1.391,2010,0.74839,112.035,0.4981,100.0
Cyprus,French Civil Assimilated,Europe,EUR,0.261,2011,0.77286,115.936,0.627,100.9925
Cyprus,French Civil Assimilated,Europe,EUR,-2.385,2012,0.7579199999999999,119.51899999999999,0.0734,103.7464
Cyprus,French Civil Assimilated,Europe,EUR,-5.357,2013,0.72511,119.98,0.1687,105.6852
Cyprus,French Civil Assimilated,Europe,EUR,-2.497,2014,0.8236600000000001,119.98,-0.0301,107.4903
Cyprus,French Civil Assimilated,Europe,EUR,1.588,2015,0.91853,120.82,-0.19899999999999998,114.0445
Czech Republic,Transitionnal,Europe,CZK,-0.674,1997,34.64,76.233,12.55,41.29718
Czech Republic,Transitionnal,Europe,CZK,-0.316,1998,29.86,84.39200000000001,10.84,43.859840000000005
Czech Republic,Transitionnal,Europe,CZK,1.4380000000000002,1999,35.98,86.167,5.21,47.75945
Czech Republic,Transitionnal,Europe,CZK,4.294,2000,37.81,89.44200000000001,5.23,50.874970000000005
Czech Republic,French Civil Assimilated,Europe,CZK,3.052,2001,36.26,93.625,4.63,56.389359999999996
Czech Republic,French Civil Assimilated,Europe,CZK,1.6469999999999998,2002,30.14,95.383,2.75,51.56081
Czech Republic,French Civil Assimilated,Europe,CZK,3.602,2003,25.65,95.492,1.98,54.4412
Czech Republic,French Civil Assimilated,Europe,CZK,4.947,2004,22.37,98.14200000000001,2.49,58.306219999999996
Czech Republic,French Civil Assimilated,Europe,CZK,6.442,2005,24.59,99.95,2.0,61.96529
Czech Republic,French Civil Assimilated,Europe,CZK,6.877000000000001,2006,20.88,102.492,2.48,69.63786999999999
Czech Republic,French Civil Assimilated,Europe,CZK,5.529,2007,18.08,105.425,3.4,80.14819
Czech Republic,French Civil Assimilated,Europe,CZK,2.7110000000000003,2008,19.35,112.10799999999999,2.32,90.84576
Czech Republic,French Civil Assimilated,Europe,CZK,-4.842,2009,18.37,113.26700000000001,1.01,98.59278
Czech Republic,French Civil Assimilated,Europe,CZK,2.295,2010,18.75,114.925,0.65,100.0
Czech Republic,French Civil Assimilated,Europe,CZK,1.964,2011,19.94,117.14200000000001,0.63,101.9978
Czech Republic,French Civil Assimilated,Europe,CZK,-0.8079999999999999,2012,19.06,121.0,0.2,107.6371
Czech Republic,French Civil Assimilated,Europe,CZK,-0.7020000000000001,2013,19.89,122.71700000000001,0.15,112.6398
Czech Republic,French Civil Assimilated,Europe,CZK,1.9780000000000002,2014,22.83,123.45299999999999,0.16,118.695
Czech Republic,French Civil Assimilated,Europe,CZK,4.215,2015,24.82,125.79899999999999,0.13,127.9847
Denmark,Scandinavian,Europe,DKK,3.8,2006,5.6614,101.889770923112,3.6853,69.65997
Denmark,Scandinavian,Europe,DKK,0.821,2007,5.0753,103.636198684509,4.2407,78.65337
Denmark,Scandinavian,Europe,DKK,-0.713,2008,5.2849,107.159900204128,4.3975,90.99965999999999
Denmark,Scandinavian,Europe,DKK,-5.0889999999999995,2009,5.1901,108.58063052846501,0.9520000000000001,97.15241
Denmark,Scandinavian,Europe,DKK,1.6219999999999999,2010,5.6133,111.07552733046002,0.7254,100.0
Denmark,Scandinavian,Europe,DKK,1.156,2011,5.7456,114.13744613291,0.4449,92.66328
Denmark,Scandinavian,Europe,DKK,-0.654,2012,5.6591,116.889997731912,-0.0651,104.4623
Denmark,Scandinavian,Europe,DKK,-0.48700000000000004,2013,5.4127,117.804490814244,-0.0183,92.3679
Denmark,Scandinavian,Europe,DKK,1.263,2014,6.1214,118.511227035609,0.04,101.4315
Denmark,Scandinavian,Europe,DKK,1.16,2015,6.83,120.407348605126,-0.21,119.1424
Denmark,Scandinavian,Europe,DKK,-0.016,1988,6.874,68.1406214561125,,28.73227
Denmark,Scandinavian,Europe,DKK,0.649,1989,6.6075,71.7242004989794,,24.3644
Denmark,Scandinavian,Europe,DKK,1.4709999999999999,1990,5.776,73.9777727375822,,25.652820000000002
Denmark,Scandinavian,Europe,DKK,1.396,1991,5.9135,75.92016330233609,,27.911609999999996
Denmark,Scandinavian,Europe,DKK,1.9580000000000002,1992,6.2555,77.5078249036063,,30.921190000000003
Denmark,Scandinavian,Europe,DKK,0.008,1993,6.7725,78.61918802449541,,32.657340000000005
Denmark,Scandinavian,Europe,DKK,5.332000000000001,1994,6.082999999999999,79.9047403039238,,34.89765
Denmark,Scandinavian,Europe,DKK,3.033,1995,5.546,81.4470401451576,,34.178329999999995
Denmark,Scandinavian,Europe,DKK,2.895,1996,5.9445,83.0573826264459,,36.68609
Denmark,Scandinavian,Europe,DKK,3.264,1997,6.8260000000000005,84.89453390791559,3.6878,39.75842
Denmark,Scandinavian,Europe,DKK,2.218,1998,6.3865,86.1120435472896,3.9603,42.05959
Denmark,Scandinavian,Europe,DKK,2.946,1999,7.3988,87.9491948287594,3.1221,43.66401
Denmark,Scandinavian,Europe,DKK,3.752,2000,8.0205,90.7235200725788,5.1471,43.57224
Denmark,Scandinavian,Europe,DKK,0.8220000000000001,2001,8.4095,92.8555227942844,3.4913,45.11449
Denmark,Scandinavian,Europe,DKK,0.467,2002,7.0822,95.1081877976866,3.0355,46.65635
Denmark,Scandinavian,Europe,DKK,0.38799999999999996,2003,5.9576,97.0968473576775,2.1221,55.17535
Denmark,Scandinavian,Europe,DKK,2.642,2004,5.4676,98.22363347697892,2.138,62.42909
Denmark,Scandinavian,Europe,DKK,2.431,2005,6.3241,100.0,2.3647,61.38756
Denmark,Scandinavian,Europe,DKK,-0.6579999999999999,1981,7.325,48.0453617600363,,12.41504
Denmark,Scandinavian,Europe,DKK,3.675,1982,8.384,53.0351553640281,,13.612020000000001
Denmark,Scandinavian,Europe,DKK,2.6010000000000004,1983,9.875,56.2939442050352,,16.17124
Denmark,Scandinavian,Europe,DKK,4.168,1984,11.26,59.68881832615111,,19.75003
Denmark,Scandinavian,Europe,DKK,4.001,1985,8.969,62.49308233159449,,22.907529999999998
Denmark,Scandinavian,Europe,DKK,4.905,1986,7.3425,62.924019051939204,,26.37988
Denmark,Scandinavian,Europe,DKK,0.254,1987,6.0965,64.889997731912,,27.6656
Finland,Scandinavian,Europe,EUR,5.215,1988,0.70117546541804,69.074,,24.35963
Finland,Scandinavian,Europe,EUR,5.059,1989,0.6826747935072729,73.61399999999999,,26.60067
Finland,Scandinavian,Europe,EUR,0.531,1990,0.6111949247611309,77.263,,29.539990000000003
Finland,Scandinavian,Europe,EUR,-6.013,1991,0.695120700065425,80.48,,32.367329999999995
Finland,Scandinavian,Europe,EUR,-3.488,1992,0.882145674290625,82.786,,34.91829
Finland,Scandinavian,Europe,EUR,-0.802,1993,0.9728830606166109,84.60700000000001,,37.35133
Finland,Scandinavian,Europe,EUR,3.616,1994,0.797748972792239,85.51700000000001,5.24,39.12202
Finland,Scandinavian,Europe,EUR,3.964,1995,0.7330638962751421,86.37200000000001,5.62,40.34724
Finland,Scandinavian,Europe,EUR,3.585,1996,0.781047911694611,87.296,4.04,42.52234
Finland,Scandinavian,Europe,EUR,6.204,1997,0.9116962929699131,88.36,3.98,44.252959999999995
Finland,Scandinavian,Europe,EUR,5.02,1998,0.8570856732478599,89.554,3.09,46.53604
Finland,Scandinavian,Europe,EUR,3.9019999999999997,1999,0.9954200000000001,90.73299999999999,3.0418,48.73471
Finland,Scandinavian,Europe,EUR,5.635,2000,1.07469,93.40799999999999,4.8268,51.52342
Finland,Scandinavian,Europe,EUR,2.5810000000000004,2001,1.13469,95.897,3.3389,55.700219999999995
Finland,Scandinavian,Europe,EUR,1.68,2002,0.9535600000000001,97.824,3.0945,59.7446
Finland,Scandinavian,Europe,EUR,1.994,2003,0.79177,99.098,2.0567,64.32502
Finland,Scandinavian,Europe,EUR,3.926,2004,0.73416,99.23700000000001,2.0535,67.96205
Finland,Scandinavian,Europe,EUR,2.781,2005,0.84767,100.00200000000001,2.2757,73.11236
Finland,Scandinavian,Europe,EUR,4.055,2006,0.7593,101.277,3.5011,79.42214
Finland,Scandinavian,Europe,EUR,5.185,2007,0.6793,102.881,3.8791,88.23994
Finland,Scandinavian,Europe,EUR,0.721,2008,0.71855,106.90799999999999,2.4864,97.42315
Finland,Scandinavian,Europe,EUR,-8.269,2009,0.69416,108.656,0.3546,101.1369
Finland,Scandinavian,Europe,EUR,2.992,2010,0.74839,110.488,0.4981,100.0
Finland,Scandinavian,Europe,EUR,2.571,2011,0.77286,114.16,0.627,100.9925
Finland,Scandinavian,Europe,EUR,-1.426,2012,0.7579199999999999,117.77,0.0734,103.7464
Finland,Scandinavian,Europe,EUR,-1.3219999999999998,2013,0.72511,120.38,0.1687,105.6852
Finland,Scandinavian,Europe,EUR,5.215,1988,0.70117546541804,69.074,,24.35963
Finland,Scandinavian,Europe,EUR,5.059,1989,0.6826747935072729,73.61399999999999,,26.60067
Finland,Scandinavian,Europe,EUR,0.531,1990,0.6111949247611309,77.263,,29.539990000000003
Finland,Scandinavian,Europe,EUR,-6.013,1991,0.695120700065425,80.48,,32.367329999999995
Finland,Scandinavian,Europe,EUR,-3.488,1992,0.882145674290625,82.786,,34.91829
Finland,Scandinavian,Europe,EUR,-0.802,1993,0.9728830606166109,84.60700000000001,,37.35133
Finland,Scandinavian,Europe,EUR,3.616,1994,0.797748972792239,85.51700000000001,5.24,39.12202
Finland,Scandinavian,Europe,EUR,3.964,1995,0.7330638962751421,86.37200000000001,5.62,40.34724
Finland,Scandinavian,Europe,EUR,3.585,1996,0.781047911694611,87.296,4.04,42.52234
France,French Civil Assimilated,Europe,EUR,4.734,1988,0.92368859544147,70.83,,24.35963
France,French Civil Assimilated,Europe,EUR,4.353,1989,0.8823749117701309,75.482,,26.60067
France,French Civil Assimilated,Europe,EUR,2.9139999999999997,1990,0.781911009410678,75.727,,29.539990000000003
France,French Civil Assimilated,Europe,EUR,1.0390000000000001,1991,0.7896859092897859,78.30199999999999,,32.367329999999995
France,French Civil Assimilated,Europe,EUR,1.6,1992,0.8394605134178,80.227,,34.91829
France,French Civil Assimilated,Europe,EUR,-0.613,1993,0.898763181123153,82.01899999999999,,37.35133
France,French Civil Assimilated,Europe,EUR,2.345,1994,0.8149924461511959,83.383,5.24,39.12202
France,French Civil Assimilated,Europe,EUR,2.085,1995,0.747000184463311,84.85799999999999,5.62,40.34724
France,French Civil Assimilated,Europe,EUR,1.3880000000000001,1996,0.798375503272318,86.639,4.04,42.52234
France,French Civil Assimilated,Europe,EUR,2.3369999999999997,1997,0.912879960119337,87.75,3.98,44.252959999999995
France,French Civil Assimilated,Europe,EUR,3.556,1998,0.857083619810445,88.337,3.09,46.53604
France,French Civil Assimilated,Europe,EUR,3.407,1999,0.9954200000000001,88.836,3.0418,48.73471
France,French Civil Assimilated,Europe,EUR,3.875,2000,1.07469,90.46,4.8268,51.52342
France,French Civil Assimilated,Europe,EUR,1.954,2001,1.13469,92.073,3.3389,55.700219999999995
France,French Civil Assimilated,Europe,EUR,1.1179999999999999,2002,0.9535600000000001,93.85799999999999,3.0945,59.7446
France,French Civil Assimilated,Europe,EUR,0.82,2003,0.79177,95.89299999999999,2.0567,64.32502
France,French Civil Assimilated,Europe,EUR,2.786,2004,0.73416,98.134,2.0535,67.96205
France,French Civil Assimilated,Europe,EUR,1.608,2005,0.84767,99.99799999999999,2.2757,73.11236
France,French Civil Assimilated,Europe,EUR,2.375,2006,0.7593,101.913,3.5011,79.42214
France,French Civil Assimilated,Europe,EUR,2.3609999999999998,2007,0.6793,103.552,3.8791,88.23994
France,French Civil Assimilated,Europe,EUR,0.195,2008,0.71855,106.825,2.4864,97.42315
France,French Civil Assimilated,Europe,EUR,-2.9410000000000003,2009,0.69416,106.935,0.3546,101.1369
France,French Civil Assimilated,Europe,EUR,1.966,2010,0.74839,108.788,0.4981,100.0
France,French Civil Assimilated,Europe,EUR,2.079,2011,0.77286,111.281,0.627,100.9925
France,French Civil Assimilated,Europe,EUR,0.33399999999999996,2012,0.7579199999999999,113.749,0.0734,103.7464
France,French Civil Assimilated,Europe,EUR,0.285,2013,0.72511,114.87799999999999,0.1687,105.6852
France,French Civil Assimilated,Europe,EUR,1.078,1981,0.8762769510806351,46.622,,13.57538
France,French Civil Assimilated,Europe,EUR,2.509,1982,1.02521964092158,52.206,,15.06541
France,French Civil Assimilated,Europe,EUR,1.256,1983,1.27256817138928,57.145,,16.549429999999997
France,French Civil Assimilated,Europe,EUR,1.524,1984,1.46229097334124,61.53,,17.96105
France,French Civil Assimilated,Europe,EUR,1.6230000000000002,1985,1.15266701933206,65.118,,19.48529
France,French Civil Assimilated,Europe,EUR,2.351,1986,0.984058406267484,66.771,,20.891479999999998
France,French Civil Assimilated,Europe,EUR,2.577,1987,0.8140777520477711,68.967,,22.5295
France,French Civil Assimilated,Europe,EUR,0.18,2014,0.8236600000000001,115.682,-0.0301,107.4903
France,French Civil Assimilated,Europe,EUR,1.137,2015,0.91853,116.755,-0.19899999999999998,114.0445
Germany,German assimilated,Europe,EUR,0.11,1981,1.15286093372123,60.683,,13.57538
Germany,German assimilated,Europe,EUR,-0.7879999999999999,1982,1.2150851556628102,63.873000000000005,,15.06541
Germany,German assimilated,Europe,EUR,1.555,1983,1.39265682600226,65.971,,16.549429999999997
Germany,German assimilated,Europe,EUR,2.826,1984,1.6095468420057,67.551,,17.96105
Germany,German assimilated,Europe,EUR,2.1919999999999997,1985,1.25844270718825,68.959,,19.48529
Germany,German assimilated,Europe,EUR,2.417,1986,0.992315283025621,68.873,,20.891479999999998
Germany,German assimilated,Europe,EUR,1.469,1987,0.80860811011182,69.04,,22.5295
Germany,German assimilated,Europe,EUR,3.736,1988,0.910252936093628,69.919,,24.35963
Germany,German assimilated,Europe,EUR,3.9130000000000003,1989,0.8680713558949399,71.861,,26.60067
Germany,German assimilated,Europe,EUR,5.723,1990,0.76387007050715,73.792,,29.539990000000003
Germany,German assimilated,Europe,EUR,5.011,1991,0.775118491893467,76.35600000000001,,32.367329999999995
Germany,German assimilated,Europe,EUR,1.504,1992,0.8252250962506971,80.208,,34.91829
Germany,German assimilated,Europe,EUR,-0.981,1993,0.882643174509032,83.79799999999999,,37.35133
Germany,German assimilated,Europe,EUR,2.523,1994,0.791888865596703,86.075,5.24,39.12202
Germany,German assimilated,Europe,EUR,1.777,1995,0.7329369116947791,87.56700000000001,5.62,40.34724
Germany,German assimilated,Europe,EUR,0.8140000000000001,1996,0.794956616883881,88.60799999999999,4.04,42.52234
Germany,German assimilated,Europe,EUR,1.895,1997,0.916286180291743,89.975,3.98,44.252959999999995
Germany,German assimilated,Europe,EUR,1.746,1998,0.8553913172412742,90.508,3.09,46.53604
Germany,German assimilated,Europe,EUR,1.857,1999,0.9954200000000001,91.075,3.0418,48.73471
Germany,German assimilated,Europe,EUR,3.217,2000,1.07469,92.367,4.8268,51.52342
Germany,German assimilated,Europe,EUR,1.8330000000000002,2001,1.13469,94.125,3.3389,55.700219999999995
Germany,German assimilated,Europe,EUR,0.024,2002,0.9535600000000001,95.39200000000001,3.0945,59.7446
Germany,German assimilated,Europe,EUR,-0.725,2003,0.79177,96.367,2.0567,64.32502
Germany,German assimilated,Europe,EUR,0.7170000000000001,2004,0.73416,98.1,2.0535,67.96205
Germany,German assimilated,Europe,EUR,0.872,2005,0.84767,99.98299999999999,2.2757,73.11236
Germany,German assimilated,Europe,EUR,3.886,2006,0.7593,101.76700000000001,3.5011,79.42214
Germany,German assimilated,Europe,EUR,3.392,2007,0.6793,104.09200000000001,3.8791,88.23994
Germany,German assimilated,Europe,EUR,0.773,2008,0.71855,106.94200000000001,2.4864,97.42315
Germany,German assimilated,Europe,EUR,-5.58,2009,0.69416,107.18299999999999,0.3546,101.1369
Germany,German assimilated,Europe,EUR,3.938,2010,0.74839,108.425,0.4981,100.0
Germany,German assimilated,Europe,EUR,3.66,2011,0.77286,111.133,0.627,100.9925
Germany,German assimilated,Europe,EUR,0.583,2012,0.7579199999999999,113.5,0.0734,103.7464
Germany,German assimilated,Europe,EUR,0.214,2013,0.72511,115.31700000000001,0.1687,105.6852
Germany,German assimilated,Europe,EUR,1.58,2014,0.8236600000000001,116.35,-0.0301,107.4903
Germany,German assimilated,Europe,EUR,1.45,2015,0.91853,117.802,-0.19899999999999998,114.0445
Greece,French Civil Assimilated,Europe,EUR,3.737,2001,1.13469,87.48,3.3389,55.700219999999995
Greece,French Civil Assimilated,Europe,EUR,3.162,2002,0.9535600000000001,90.655,3.0945,59.7446
Greece,French Civil Assimilated,Europe,EUR,6.638,2003,0.79177,93.85600000000001,2.0567,64.32502
Greece,French Civil Assimilated,Europe,EUR,4.952,2004,0.73416,96.57600000000001,2.0535,67.96205
Greece,French Civil Assimilated,Europe,EUR,0.8909999999999999,2005,0.84767,100.0,2.2757,73.11236
Greece,French Civil Assimilated,Europe,EUR,5.815,2006,0.7593,103.196,3.5011,79.42214
Greece,French Civil Assimilated,Europe,EUR,3.5380000000000003,2007,0.6793,106.18299999999999,3.8791,88.23994
Greece,French Civil Assimilated,Europe,EUR,-0.444,2008,0.71855,110.59299999999999,2.4864,97.42315
Greece,French Civil Assimilated,Europe,EUR,-4.395,2009,0.69416,111.931,0.3546,101.1369
Greece,French Civil Assimilated,Europe,EUR,-5.449,2010,0.74839,117.20700000000001,0.4981,100.0
Greece,French Civil Assimilated,Europe,EUR,2.51,1985,0.4336316947909021,15.698,,19.48529
Greece,French Civil Assimilated,Europe,EUR,0.518,1986,0.407219369038885,19.327,,20.891479999999998
Greece,French Civil Assimilated,Europe,EUR,-2.259,1987,0.369552457813646,22.489,,22.5295
Greece,French Civil Assimilated,Europe,EUR,4.288,1988,0.434629493763756,25.52,,24.35963
Greece,French Civil Assimilated,Europe,EUR,3.8,1989,0.463066764490095,29.018,,26.60067
Greece,French Civil Assimilated,Europe,EUR,0.0,1990,0.462582538517975,34.923,,29.539990000000003
Greece,French Civil Assimilated,Europe,EUR,3.1,1991,0.5143947175348499,41.732,,32.367329999999995
Greece,French Civil Assimilated,Europe,EUR,0.7,1992,0.6297285399853271,48.354,,34.91829
Greece,French Civil Assimilated,Europe,EUR,-1.6,1993,0.7313866471019809,55.294,,37.35133
Greece,French Civil Assimilated,Europe,EUR,2.0,1994,0.704622157006603,61.31,5.24,39.12202
Greece,French Civil Assimilated,Europe,EUR,2.1,1995,0.695641966250917,66.814,5.62,40.34724
Greece,French Civil Assimilated,Europe,EUR,2.955,1996,0.724930300807043,72.298,4.04,42.52234
Greece,French Civil Assimilated,Europe,EUR,4.463,1997,0.829376375641966,76.3,3.98,44.252959999999995
Greece,French Civil Assimilated,Europe,EUR,4.058,1998,0.8292589875275129,79.938,3.09,46.53604
Greece,French Civil Assimilated,Europe,EUR,3.074,1999,0.9954200000000001,82.04,3.0418,48.73471
Greece,French Civil Assimilated,Europe,EUR,3.967,2000,1.07469,84.625,4.8268,51.52342
Greece,French Civil Assimilated,Europe,EUR,-8.863999999999999,2011,0.77286,121.11,0.627,100.9925
Greece,French Civil Assimilated,Europe,EUR,-6.572,2012,0.7579199999999999,122.928,0.0734,103.7464
Greece,French Civil Assimilated,Europe,EUR,-3.895,2013,0.72511,121.795,0.1687,105.6852
Greece,French Civil Assimilated,Europe,EUR,0.654,2014,0.8236600000000001,120.82,-0.0301,107.4903
Greece,French Civil Assimilated,Europe,EUR,-0.231,2015,0.91853,121.18299999999999,-0.19899999999999998,114.0445
Hungary,Transitionnal,Europe,HUF,3.372,1997,203.5,54.537,19.2,21.55136
Hungary,Transitionnal,Europe,HUF,4.208,1998,219.03,62.268,15.8,25.48263
Hungary,Transitionnal,Europe,HUF,3.238,1999,252.52,68.514,13.2,29.09348
Hungary,Transitionnal,Europe,HUF,4.24,2000,284.73,75.215,10.97676,34.24382
Hungary,French Civil Assimilated,Europe,HUF,3.735,2001,279.03,82.102,10.487969999999999,39.8329
Hungary,French Civil Assimilated,Europe,HUF,4.4910000000000005,2002,225.16,86.42200000000001,8.9,43.83959
Hungary,French Civil Assimilated,Europe,HUF,3.778,2003,207.92,90.439,11.99,50.07248
Hungary,French Civil Assimilated,Europe,HUF,4.789,2004,180.29,96.571,9.93,55.95564
Hungary,French Civil Assimilated,Europe,HUF,4.26,2005,213.58,100.0,5.41,63.67485
Hungary,French Civil Assimilated,Europe,HUF,3.963,2006,191.62,103.87799999999999,7.978801,73.95376
Hungary,French Civil Assimilated,Europe,HUF,0.511,2007,172.61,112.12100000000001,7.012036999999999,81.1804
Hungary,French Civil Assimilated,Europe,HUF,0.879,2008,187.91,118.92299999999999,10.12224,89.37419
Hungary,French Civil Assimilated,Europe,HUF,-6.551,2009,188.07,123.928,5.921451,97.25983000000001
Hungary,French Civil Assimilated,Europe,HUF,0.789,2010,208.65,129.97799999999998,4.7563,100.0
Hungary,French Civil Assimilated,Europe,HUF,1.807,2011,240.68,135.121,5.7805,102.3806
Hungary,French Civil Assimilated,Europe,HUF,-1.4780000000000002,2012,220.93,142.83100000000002,5.2049,101.4277
Hungary,French Civil Assimilated,Europe,HUF,1.525,2013,215.67,145.296,2.9219,105.2081
Hungary,French Civil Assimilated,Europe,HUF,3.6719999999999997,2014,259.13,145.732,1.2419,109.5321
Hungary,French Civil Assimilated,Europe,HUF,2.9389999999999996,2015,286.63,149.084,1.0865,114.6605
Ireland,Common Wealth,Europe,EUR,2.512,1981,0.8036299272186129,37.845,,13.57538
Ireland,Common Wealth,Europe,EUR,1.495,1982,0.909234043201568,44.35,,15.06541
Ireland,Common Wealth,Europe,EUR,-0.7290000000000001,1983,1.11871543138081,48.961999999999996,,16.549429999999997
Ireland,Common Wealth,Europe,EUR,3.2039999999999997,1984,1.28061973376132,53.19,,17.96105
Ireland,Common Wealth,Europe,EUR,1.9469999999999998,1985,1.02109796791118,56.098,,19.48529
Ireland,Common Wealth,Europe,EUR,0.424,1986,0.9072786465607869,57.803999999999995,,20.891479999999998
Ireland,Common Wealth,Europe,EUR,3.641,1987,0.757830474729673,59.626999999999995,,22.5295
Ireland,Common Wealth,Europe,EUR,2.998,1988,0.842280754325998,60.919,,24.35963
Ireland,Common Wealth,Europe,EUR,5.614,1989,0.8158702022946709,63.349,,26.60067
Ireland,Common Wealth,Europe,EUR,7.711,1990,0.715141880532884,65.476,,29.539990000000003
Ireland,Common Wealth,Europe,EUR,1.642,1991,0.7256426144414928,67.527,,32.367329999999995
Ireland,Common Wealth,Europe,EUR,3.5789999999999997,1992,0.779263653493557,69.654,,34.91829
Ireland,Common Wealth,Europe,EUR,2.314,1993,0.9000157447521729,70.641,,37.35133
Ireland,Common Wealth,Europe,EUR,5.894,1994,0.8207206017542701,72.312,5.24,39.12202
Ireland,Common Wealth,Europe,EUR,9.593,1995,0.7908690595304,74.133,5.62,40.34724
Ireland,Common Wealth,Europe,EUR,9.084,1996,0.755303695953599,75.733,4.04,42.52234
Ireland,Common Wealth,Europe,EUR,10.777999999999999,1997,0.8876865880106249,76.683,3.98,44.252959999999995
Ireland,Common Wealth,Europe,EUR,8.549,1998,0.853721094412645,78.317,3.09,46.53604
Ireland,Common Wealth,Europe,EUR,10.201,1999,0.9954200000000001,80.25,3.0418,48.73471
Ireland,Common Wealth,Europe,EUR,9.521,2000,1.07469,84.46700000000001,4.8268,51.52342
Ireland,Common Wealth,Europe,EUR,5.273,2001,1.13469,87.833,3.3389,55.700219999999995
Ireland,Common Wealth,Europe,EUR,5.837999999999999,2002,0.9535600000000001,91.98299999999999,3.0945,59.7446
Ireland,Common Wealth,Europe,EUR,2.957,2003,0.79177,95.65799999999999,2.0567,64.32502
Ireland,Common Wealth,Europe,EUR,4.578,2004,0.73416,97.85799999999999,2.0535,67.96205
Ireland,Common Wealth,Europe,EUR,5.6739999999999995,2005,0.84767,99.992,2.2757,73.11236
Ireland,Common Wealth,Europe,EUR,5.47,2006,0.7593,102.69200000000001,3.5011,79.42214
Ireland,Common Wealth,Europe,EUR,4.9319999999999995,2007,0.6793,105.64200000000001,3.8791,88.23994
Ireland,Common Wealth,Europe,EUR,-2.61,2008,0.71855,108.925,2.4864,97.42315
Ireland,Common Wealth,Europe,EUR,-6.371,2009,0.69416,107.06700000000001,0.3546,101.1369
Ireland,Common Wealth,Europe,EUR,-0.275,2010,0.74839,105.383,0.4981,100.0
Ireland,Common Wealth,Europe,EUR,2.773,2011,0.77286,106.633,0.627,100.9925
Ireland,Common Wealth,Europe,EUR,-0.313,2012,0.7579199999999999,108.68299999999999,0.0734,103.7464
Ireland,Common Wealth,Europe,EUR,0.174,2013,0.72511,109.242,0.1687,105.6852
Ireland,Common Wealth,Europe,EUR,5.199,2014,0.8236600000000001,109.882,-0.0301,107.4903
Ireland,Common Wealth,Europe,EUR,7.811,2015,0.91853,110.836,-0.19899999999999998,114.0445
Italy,French Civil Assimilated,Europe,EUR,2.827,1995,0.818439577125091,78.658,5.62,40.34724
Italy,French Civil Assimilated,Europe,EUR,1.095,1996,0.790473436039395,81.792,4.04,42.52234
Italy,French Civil Assimilated,Europe,EUR,1.8719999999999999,1997,0.908545812309234,83.34200000000001,3.98,44.252959999999995
Italy,French Civil Assimilated,Europe,EUR,1.401,1998,0.85375489988483,84.992,3.09,46.53604
Italy,French Civil Assimilated,Europe,EUR,1.464,1999,0.9954200000000001,86.4,3.0418,48.73471
Italy,French Civil Assimilated,Europe,EUR,3.693,2000,1.07469,88.625,4.8268,51.52342
Italy,French Civil Assimilated,Europe,EUR,1.7730000000000001,2001,1.13469,90.68299999999999,3.3389,55.700219999999995
Italy,French Civil Assimilated,Europe,EUR,0.251,2002,0.9535600000000001,93.05,3.0945,59.7446
Italy,French Civil Assimilated,Europe,EUR,0.153,2003,0.79177,95.667,2.0567,64.32502
Italy,French Civil Assimilated,Europe,EUR,1.5830000000000002,2004,0.73416,97.84200000000001,2.0535,67.96205
Italy,French Civil Assimilated,Europe,EUR,0.95,2005,0.84767,100.0,2.2757,73.11236
Italy,French Civil Assimilated,Europe,EUR,2.006,2006,0.7593,102.21700000000001,3.5011,79.42214
Italy,French Civil Assimilated,Europe,EUR,1.474,2007,0.6793,104.3,3.8791,88.23994
Italy,French Civil Assimilated,Europe,EUR,-1.05,2008,0.71855,107.95,2.4864,97.42315
Italy,French Civil Assimilated,Europe,EUR,-5.481,2009,0.69416,108.775,0.3546,101.1369
Italy,French Civil Assimilated,Europe,EUR,1.7109999999999999,2010,0.74839,110.55799999999999,0.4981,100.0
Italy,French Civil Assimilated,Europe,EUR,0.5870000000000001,2011,0.77286,113.76700000000001,0.627,100.9925
Italy,French Civil Assimilated,Europe,EUR,-2.77,2012,0.7579199999999999,117.525,0.0734,103.7464
Italy,French Civil Assimilated,Europe,EUR,-1.6980000000000002,2013,0.72511,119.03299999999999,0.1687,105.6852
Italy,French Civil Assimilated,Europe,EUR,-0.34299999999999997,2014,0.8236600000000001,119.147,-0.0301,107.4903
Italy,French Civil Assimilated,Europe,EUR,0.76,2015,0.91853,119.696,-0.19899999999999998,114.0445
Italy,French Civil Assimilated,Europe,EUR,0.7809999999999999,1981,0.619748278907384,28.971,,13.57538
Italy,French Civil Assimilated,Europe,EUR,0.414,1982,0.7075459517525959,33.74,,15.06541
Italy,French Civil Assimilated,Europe,EUR,1.169,1983,0.857060224039003,38.699,,16.549429999999997
Italy,French Civil Assimilated,Europe,EUR,2.86,1986,0.701415608360404,49.417,,20.891479999999998
Italy,French Civil Assimilated,Europe,EUR,3.1919999999999997,1987,0.603867229260382,51.75,,22.5295
Italy,French Civil Assimilated,Europe,EUR,4.194,1988,0.674373925124079,54.38399999999999,,24.35963
Italy,French Civil Assimilated,Europe,EUR,3.388,1989,0.6561584902931931,57.78,,26.60067
Italy,French Civil Assimilated,Europe,EUR,2.053,1990,0.583673764505983,61.475,,29.539990000000003
Italy,French Civil Assimilated,Europe,EUR,1.534,1991,0.594472878265944,65.3,,32.367329999999995
Italy,French Civil Assimilated,Europe,EUR,0.773,1992,0.759635794594762,68.567,,34.91829
Italy,French Civil Assimilated,Europe,EUR,-0.888,1993,0.8800270623415122,71.65,,37.35133
Italy,French Civil Assimilated,Europe,EUR,2.1519999999999997,1994,0.8416904667220999,74.633,5.24,39.12202
Italy,French Civil Assimilated,Europe,EUR,3.2260000000000004,1984,0.999798581809355,42.856,,17.96105
Italy,French Civil Assimilated,Europe,EUR,2.798,1985,0.866872905121703,46.699,,19.48529
Japan,German assimilated,Asia & Pacific,JPY,4.177,1981,219.9,80.6202322385325,,30.880470000000003
Japan,German assimilated,Asia & Pacific,JPY,3.377,1982,235.0,82.81414942139541,,33.731190000000005
Japan,German assimilated,Asia & Pacific,JPY,3.0610000000000004,1983,232.2,84.3657258947955,,36.21608
Japan,German assimilated,Asia & Pacific,JPY,4.4639999999999995,1984,251.1,86.29971916266649,,39.034240000000004
Japan,German assimilated,Asia & Pacific,JPY,6.332999999999999,1985,200.5,88.05744218933609,8.2425,42.3066
Japan,German assimilated,Asia & Pacific,JPY,2.8310000000000004,1986,159.1,88.5892405441472,4.315,45.965720000000005
Japan,German assimilated,Asia & Pacific,JPY,4.107,1987,123.5,88.7127293006951,3.9575,50.73707
Japan,German assimilated,Asia & Pacific,JPY,7.147,1988,125.85,89.3042802796423,4.3625,56.42844
Japan,German assimilated,Asia & Pacific,JPY,5.37,1989,143.45,91.3378612544067,6.44792,62.012069999999994
Japan,German assimilated,Asia & Pacific,JPY,5.572,1990,134.4,94.1143665225965,8.22969,69.21637
Japan,German assimilated,Asia & Pacific,JPY,3.324,1991,125.2,97.2185153464656,6.30952,71.76946
Japan,German assimilated,Asia & Pacific,JPY,0.8190000000000001,1992,124.75,98.8766506662418,3.89489,72.19807
Japan,German assimilated,Asia & Pacific,JPY,0.171,1993,111.85,100.12647638775499,2.44196,72.94292
Japan,German assimilated,Asia & Pacific,JPY,0.8640000000000001,1994,99.74,100.814627442389,2.29315,74.45741
Japan,German assimilated,Asia & Pacific,JPY,1.942,1995,102.83,100.688151054634,0.45905,76.7059
Japan,German assimilated,Asia & Pacific,JPY,2.61,1996,116.0,100.819606827733,0.486,79.19312
Japan,German assimilated,Asia & Pacific,JPY,1.5959999999999999,1997,129.95,102.594259764575,0.39429000000000003,81.6532
Japan,German assimilated,Asia & Pacific,JPY,-2.003,1998,115.6,103.279423188002,0.25095,85.19606
Japan,German assimilated,Asia & Pacific,JPY,-0.19899999999999998,1999,102.2,102.939829107495,0.02429,88.32193000000001
Japan,German assimilated,Asia & Pacific,JPY,2.2569999999999997,2000,114.9,102.26960384010201,0.24143,90.03484
Japan,German assimilated,Asia & Pacific,JPY,0.355,2001,131.8,101.44800525823099,0.0018399999999999998,91.485
Japan,German assimilated,Asia & Pacific,JPY,0.29,2002,119.9,100.53478598601801,0.00195,93.23589
Japan,German assimilated,Asia & Pacific,JPY,1.685,2003,107.1,100.283824964646,0.001,94.14428000000001
Japan,German assimilated,Asia & Pacific,JPY,2.3609999999999998,2004,104.12,100.273866193957,0.001,95.1883
Japan,German assimilated,Asia & Pacific,JPY,1.3030000000000002,2005,117.97,100.0,0.001,95.66109
Japan,German assimilated,Asia & Pacific,JPY,1.693,2006,118.95,100.241998127751,0.255,95.35416
Japan,German assimilated,Asia & Pacific,JPY,2.1919999999999997,2007,114.0,100.303742506025,0.49700000000000005,95.51926
Japan,German assimilated,Asia & Pacific,JPY,-1.042,2008,90.75,101.68601987770599,0.21100000000000002,96.23543000000001
Japan,German assimilated,Asia & Pacific,JPY,-5.527,2009,92.06,100.320672416197,0.10099999999999999,97.96391
Japan,German assimilated,Asia & Pacific,JPY,4.652,2010,81.45,99.59866154121929,0.087,100.0
Japan,German assimilated,Asia & Pacific,JPY,-0.45299999999999996,2011,77.72,99.313840699504,0.078,102.2008
Japan,German assimilated,Asia & Pacific,JPY,1.754,2012,86.55,99.2759973708845,0.08199999999999999,104.4069
Japan,German assimilated,Asia & Pacific,JPY,1.6130000000000002,2013,105.3,99.6315254844942,0.07,107.4579
Japan,German assimilated,Asia & Pacific,JPY,-0.031,2014,120.64,102.275579102516,0.07,110.4405
Japan,German assimilated,Asia & Pacific,JPY,0.473,2015,120.5,104.356962176589,0.07,113.7723
Netherlands,French Civil Assimilated,Europe,EUR,4.382,2000,1.07469,87.064,4.8268,51.52342
Netherlands,French Civil Assimilated,Europe,EUR,1.6269999999999998,2001,1.13469,91.514,3.3389,55.700219999999995
Netherlands,French Civil Assimilated,Europe,EUR,-0.035,2002,0.9535600000000001,95.053,3.0945,59.7446
Netherlands,French Civil Assimilated,Europe,EUR,0.267,2003,0.79177,97.178,2.0567,64.32502
Netherlands,French Civil Assimilated,Europe,EUR,1.855,2004,0.73416,98.51899999999999,2.0535,67.96205
Netherlands,French Civil Assimilated,Europe,EUR,2.248,2005,0.84767,99.999,2.2757,73.11236
Netherlands,French Civil Assimilated,Europe,EUR,3.823,2006,0.7593,101.65,3.5011,79.42214
Netherlands,French Civil Assimilated,Europe,EUR,4.197,2007,0.6793,103.259,3.8791,88.23994
Netherlands,French Civil Assimilated,Europe,EUR,2.0869999999999997,2008,0.71855,105.542,2.4864,97.42315
Netherlands,French Civil Assimilated,Europe,EUR,-3.303,2009,0.69416,106.57,0.3546,101.1369
Netherlands,French Civil Assimilated,Europe,EUR,1.069,2010,0.74839,107.561,0.4981,100.0
Netherlands,French Civil Assimilated,Europe,EUR,1.6640000000000001,2011,0.77286,110.225,0.627,100.9925
Netherlands,French Civil Assimilated,Europe,EUR,-1.5859999999999999,2012,0.7579199999999999,113.336,0.0734,103.7464
Netherlands,French Civil Assimilated,Europe,EUR,-0.7240000000000001,2013,0.72511,116.242,0.1687,105.6852
Norway,Scandinavian,Europe,NOK,2.6239999999999997,1998,7.6,86.91896246894791,8.83,41.84001
Norway,Scandinavian,Europe,NOK,2.013,1999,8.0395,88.9476982297518,5.92,44.56214
Norway,Scandinavian,Europe,NOK,3.205,2000,8.8485,91.6925900230513,7.62,49.41519
Norway,Scandinavian,Europe,NOK,2.085,2001,9.0116,94.4587426985655,7.11,54.139430000000004
Norway,Scandinavian,Europe,NOK,1.4380000000000002,2002,6.9657,95.6762079538079,7.01,58.38545
Norway,Scandinavian,Europe,NOK,0.92,2003,6.68,98.04399883624642,2.84,61.21844
Norway,Scandinavian,Europe,NOK,3.9589999999999996,2004,6.04,98.50054830696241,2.06,64.10155
Norway,Scandinavian,Europe,NOK,2.625,2005,6.77,100.0,2.63,70.39726999999999
Norway,Scandinavian,Europe,NOK,2.395,2006,6.26,102.331983080814,3.78,78.44998000000001
Norway,Scandinavian,Europe,NOK,2.93,2007,5.41,103.07835194593001,5.54,91.12966999999999
Norway,Scandinavian,Europe,NOK,0.384,2008,7.0,106.960141440816,4.76,94.58662
Norway,Scandinavian,Europe,NOK,-1.6230000000000002,2009,5.78,109.27757760222,1.83,97.43458000000001
Norway,Scandinavian,Europe,NOK,0.602,2010,5.86,111.899380077434,2.08,100.0
Norway,Scandinavian,Europe,NOK,0.9690000000000001,2011,5.99,113.35519101224199,1.98,107.9093
Norway,Scandinavian,Europe,NOK,2.7489999999999997,2012,5.57,114.158628561198,1.54,113.8024
Norway,Scandinavian,Europe,NOK,0.742,2013,6.08,116.592440077882,1.55,119.2345
Norway,Scandinavian,Europe,NOK,2.215,2014,7.43,118.924423158696,1.35,127.1143
Norway,Scandinavian,Europe,NOK,1.565,2015,8.81,121.303403979142,0.81,131.3264
Norway,Scandinavian,Europe,NOK,5.285,1997,7.3157,84.99317413781529,3.69,39.833040000000004
Norway,Scandinavian,Europe,NOK,4.154,1995,6.319,81.8353736320301,6.65,35.11412
Norway,Scandinavian,Europe,NOK,5.0280000000000005,1996,6.4425,82.85589597833629,4.15,38.73462
Norway,Scandinavian,Europe,NOK,1.038,1989,6.615,69.87780587695539,12.42,24.56421
Norway,Scandinavian,Europe,NOK,1.932,1990,5.9075,72.76033390775021,11.53,26.27892
Norway,Scandinavian,Europe,NOK,3.085,1991,5.973,75.25121410827379,11.0,27.98491
Norway,Scandinavian,Europe,NOK,3.575,1992,6.9245,77.0181053196965,22.94,30.63415
Norway,Scandinavian,Europe,NOK,2.845,1993,7.518,78.7782825683146,6.42,32.3311
Norway,Scandinavian,Europe,NOK,5.055,1994,6.7620000000000005,79.8793724682765,6.58,33.33452
Poland,Transitionnal,Europe,PLN,6.239,1996,2.8755,57.5056696042727,22.0,16.54366
Poland,Transitionnal,Europe,PLN,7.086,1997,3.5180000000000002,66.073974484934,24.5,21.11048
Poland,Transitionnal,Europe,PLN,4.982,1998,3.5039999999999996,73.8710654423769,18.25,26.45935
Poland,Transitionnal,Europe,PLN,4.524,1999,4.1483,79.26365321967042,19.0,32.98209
Poland,Transitionnal,Europe,PLN,4.26,2000,4.1432,87.26906058166081,21.5,38.06948
Poland,French Civil Assimilated,Europe,PLN,1.205,2001,3.9863,92.06920241410641,14.0,42.78022
Poland,French Civil Assimilated,Europe,PLN,1.443,2002,3.8388,93.8184692437819,7.5,43.92221
Poland,French Civil Assimilated,Europe,PLN,3.562,2003,3.7408,94.6081509333609,5.75,44.86395
Poland,French Civil Assimilated,Europe,PLN,5.136,2004,2.9904,97.911664979944,7.0,48.21095
Poland,French Civil Assimilated,Europe,PLN,3.5469999999999997,2005,3.2613,100.0,4.75,54.495090000000005
Poland,French Civil Assimilated,Europe,PLN,6.193,2006,2.9105,101.033456205539,4.25,61.34874
Poland,French Civil Assimilated,Europe,PLN,7.202000000000001,2007,2.435,103.55098211581499,5.25,71.12447
Poland,French Civil Assimilated,Europe,PLN,3.92,2008,2.9618,107.917500794114,5.25,82.35283000000001
Poland,French Civil Assimilated,Europe,PLN,2.634,2009,2.8503,111.64060249241001,3.75,93.18216
Poland,French Civil Assimilated,Europe,PLN,3.699,2010,2.9641,114.52452888728001,3.75,100.0
Poland,French Civil Assimilated,Europe,PLN,4.762,2011,3.4174,119.41109986629299,4.75,109.3363
Poland,French Civil Assimilated,Europe,PLN,1.761,2012,3.0996,123.82932829040199,4.5,120.0072
Poland,French Civil Assimilated,Europe,PLN,1.6680000000000001,2013,3.012,124.943303957273,2.75,127.3258
Poland,French Civil Assimilated,Europe,PLN,3.3339999999999996,2014,3.5072,125.086613824231,2.25,135.4409
Poland,French Civil Assimilated,Europe,PLN,3.637,2015,3.9011,126.11342163388001,1.75,146.704
Poland,Transitionnal,Europe,PLN,5.239,1994,2.4003,37.506556057058,28.0,9.016603
Poland,Transitionnal,Europe,PLN,6.728,1995,2.468,47.9615279491176,25.0,12.44408
Slovakia,French Civil Assimilated,Europe,EUR,6.537999999999999,2005,1.06047932018854,99.973,2.2757,73.11236
Slovakia,French Civil Assimilated,Europe,EUR,8.259,2006,0.8712075947686378,104.235,3.5011,79.42214
Slovakia,French Civil Assimilated,Europe,EUR,10.681,2007,0.7591449246498041,106.214,3.8791,88.23994
Slovakia,French Civil Assimilated,Europe,EUR,5.446000000000001,2008,0.7098519551218221,110.405,2.4864,97.42315
Slovakia,French Civil Assimilated,Europe,EUR,-5.29,2009,0.69416,111.43,0.3546,101.1369
Slovakia,French Civil Assimilated,Europe,EUR,4.827,2010,0.74839,112.212,0.4981,100.0
Slovakia,French Civil Assimilated,Europe,EUR,2.705,2011,0.77286,116.79,0.627,100.9925
Slovakia,French Civil Assimilated,Europe,EUR,1.6019999999999999,2012,0.7579199999999999,121.15799999999999,0.0734,103.7464
Slovakia,French Civil Assimilated,Europe,EUR,1.425,2013,0.72511,122.929,0.1687,105.6852
Slovakia,French Civil Assimilated,Europe,EUR,2.522,2014,0.8236600000000001,123.068,-0.0301,107.4903
Slovakia,French Civil Assimilated,Europe,EUR,3.595,2015,0.91853,124.616,-0.19899999999999998,114.0445
Slovakia,French Civil Assimilated,Europe,EUR,5.242000000000001,2004,0.9458939122352791,97.262,2.0535,67.96205
Slovakia,Transitionnal,Europe,EUR,3.9939999999999998,1998,1.22528712739826,60.742,3.09,46.53604
Slovakia,Transitionnal,Europe,EUR,-0.20199999999999999,1999,1.40297417513112,67.126,3.0418,48.73471
Slovakia,Transitionnal,Europe,EUR,1.213,2000,1.5730266215229398,75.295,4.8268,51.52342
Slovakia,French Civil Assimilated,Europe,EUR,3.323,2001,1.60880966606918,80.678,3.3389,55.700219999999995
Slovakia,French Civil Assimilated,Europe,EUR,4.7139999999999995,2002,1.32895173604196,83.48299999999999,3.0945,59.7446
Slovakia,French Civil Assimilated,Europe,EUR,5.412000000000001,2003,1.09274380933413,90.51899999999999,2.0567,64.32502
Slovenia,French Civil Assimilated,Europe,EUR,5.656000000000001,2006,0.7591846102487071,102.458,3.5011,79.42214
Slovenia,French Civil Assimilated,Europe,EUR,6.941,2007,0.6793,106.15799999999999,3.8791,88.23994
Slovenia,French Civil Assimilated,Europe,EUR,3.3,2008,0.71855,112.15700000000001,2.4864,97.42315
Slovenia,French Civil Assimilated,Europe,EUR,-7.797000000000001,2009,0.69416,113.116,0.3546,101.1369
Slovenia,French Civil Assimilated,Europe,EUR,1.222,2010,0.74839,115.19,0.4981,100.0
Slovenia,French Civil Assimilated,Europe,EUR,0.613,2011,0.77286,117.29899999999999,0.627,100.9925
Slovenia,French Civil Assimilated,Europe,EUR,-2.64,2012,0.7579199999999999,120.33200000000001,0.0734,103.7464
South Korea,German assimilated,Asia & Pacific,KRW,8.924,2000,1264.5,84.8651597998584,,
South Korea,German assimilated,Asia & Pacific,KRW,4.525,2001,1313.5,88.3165581211762,,
South Korea,German assimilated,Asia & Pacific,KRW,7.432,2002,1186.2,90.75680005572391,,
South Korea,German assimilated,Asia & Pacific,KRW,2.9330000000000003,2003,1192.6,93.94583173707609,,
South Korea,German assimilated,Asia & Pacific,KRW,4.9,2004,1035.1,97.3194487978732,,
South Korea,German assimilated,Asia & Pacific,KRW,3.924,2005,1011.6,100.0,,
South Korea,German assimilated,Asia & Pacific,KRW,5.176,2006,929.8,102.241725583069,,
South Korea,German assimilated,Asia & Pacific,KRW,5.462999999999999,2007,936.1,104.832886381314,,
South Korea,German assimilated,Asia & Pacific,KRW,2.8289999999999997,2008,1259.5,109.733105794123,,
South Korea,German assimilated,Asia & Pacific,KRW,0.708,2009,1164.5,112.758448554081,,
South Korea,German assimilated,Asia & Pacific,KRW,6.497000000000001,2010,1134.8,116.07169806939899,,
South Korea,German assimilated,Asia & Pacific,KRW,3.682,2011,1151.8,120.744378272327,,
South Korea,German assimilated,Asia & Pacific,KRW,2.292,2012,1070.6,123.385458387026,,
South Korea,German assimilated,Asia & Pacific,KRW,2.971,2013,1055.4,124.99216382823099,,
South Korea,German assimilated,Asia & Pacific,KRW,3.31,2014,1099.3,126.956430884965,,
South Korea,German assimilated,Asia & Pacific,KRW,2.591,2015,1172.5,130.002670102973,,
South Korea,German assimilated,Asia & Pacific,KRW,11.309000000000001,1999,1138.0,82.9902831470066,,
Sweden,Scandinavian,Europe,SEK,4.024,1995,6.6582,90.916829066147,7.0,41.67433
Sweden,Scandinavian,Europe,SEK,1.518,1996,6.871,91.4017875142799,3.5,45.68745
Sweden,Scandinavian,Europe,SEK,2.9,1997,7.877000000000001,92.00434558609409,2.5,47.712379999999996
Sweden,Scandinavian,Europe,SEK,4.227,1998,8.061,91.75794637457159,2.0,47.51254
Sweden,Scandinavian,Europe,SEK,4.53,1999,8.525,92.1824250162399,1.5,49.5016
Sweden,Scandinavian,Europe,SEK,4.735,2000,9.535,93.0112223640884,2.0,54.086780000000005
Sweden,Scandinavian,Europe,SEK,1.5630000000000002,2001,10.6675,95.2489752032793,2.0,55.10915
Sweden,Scandinavian,Europe,SEK,2.074,2002,8.825,97.3041686266604,4.5,56.122319999999995
Sweden,Scandinavian,Europe,SEK,2.386,2003,7.1892,99.1779226306476,2.85,58.634840000000004
Sweden,Scandinavian,Europe,SEK,4.321000000000001,2004,6.6146,99.5486414443474,2.1,60.10108
Sweden,Scandinavian,Europe,SEK,2.818,2005,7.9584,100.0,1.6,65.32553
Sweden,Scandinavian,Europe,SEK,4.688,2006,6.8644,101.360795645454,2.93,75.61815
Sweden,Scandinavian,Europe,SEK,3.405,2007,6.4136,103.60302847030898,4.1,87.818
Sweden,Scandinavian,Europe,SEK,-0.557,2008,7.8106,107.16349707680901,2.78,96.27628
Sweden,Scandinavian,Europe,SEK,-5.185,2009,7.1165,106.633738772036,0.35,98.4166
Sweden,Scandinavian,Europe,SEK,5.989,2010,6.7097,107.867974822481,1.1,100.0
Sweden,Scandinavian,Europe,SEK,2.6639999999999997,2011,6.8877,111.062204600945,2.02,103.126
Sweden,Scandinavian,Europe,SEK,-0.28600000000000003,2012,6.5045,112.04892144345101,1.28,110.0247
Sweden,Scandinavian,Europe,SEK,1.2819999999999998,2013,6.4238,111.999641601147,1.02,112.6201
Sweden,Scandinavian,Europe,SEK,2.267,2014,7.7366,112.12844118898799,0.1,117.175
Sweden,Scandinavian,Europe,SEK,4.093999999999999,2015,8.4408,113.707636135564,-0.25,124.8528
Sweden,Scandinavian,Europe,SEK,-0.191,1981,5.571000000000001,39.9771520731134,11.0,18.17663
Sweden,Scandinavian,Europe,SEK,1.242,1982,7.2945,43.409941088188496,10.0,20.56344
Sweden,Scandinavian,Europe,SEK,1.8780000000000001,1983,8.001,47.262728759268,8.5,22.25948
Sweden,Scandinavian,Europe,SEK,4.312,1984,8.9895,51.063996595210895,9.5,23.02679
Sweden,Scandinavian,Europe,SEK,2.217,1985,7.6155,54.829424545841505,10.5,23.444589999999998
Sweden,Scandinavian,Europe,SEK,2.7880000000000003,1986,6.819,57.15117711623321,7.5,25.12567
Sweden,Scandinavian,Europe,SEK,3.4,1987,5.848,59.54572945366571,7.5,27.277959999999997
Sweden,Scandinavian,Europe,SEK,2.602,1988,6.157,63.0132383576373,8.5,28.3304
Sweden,Scandinavian,Europe,SEK,2.7460000000000004,1989,6.227,67.07434536209479,10.5,30.27792
Sweden,Scandinavian,Europe,SEK,1.0290000000000001,1990,5.6979999999999995,74.027283112694,11.5,32.99406
Sweden,Scandinavian,Europe,SEK,-1.079,1991,5.5295,81.0183007414376,8.0,36.37959
Sweden,Scandinavian,Europe,SEK,-1.182,1992,7.042999999999999,82.9424545841453,10.0,36.84985
Sweden,Scandinavian,Europe,SEK,-0.4,1993,8.3035,86.86356203660151,5.0,39.43376
Sweden,Scandinavian,Europe,SEK,4.088,1994,7.4615,88.7384360370047,7.0,41.2865
Switzerland,German assimilated,Europe,CHF,3.2910000000000004,1988,1.504,72.7549897846928,3.98485,46.85002
Switzerland,German assimilated,Europe,CHF,4.376,1989,1.5465,75.04950495049509,8.56653,49.61415
Switzerland,German assimilated,Europe,CHF,3.699,1990,1.2955,79.1052438577191,8.90927,50.66905
Switzerland,German assimilated,Europe,CHF,-0.935,1991,1.3555,83.7403740374038,7.625,52.02257
Switzerland,German assimilated,Europe,CHF,-0.133,1992,1.456,87.1203310807271,5.92647,53.1282
Switzerland,German assimilated,Europe,CHF,-0.18100000000000002,1993,1.4795,89.98899889989,4.40152,55.14878
Switzerland,German assimilated,Europe,CHF,1.3330000000000002,1994,1.3115,90.7548850123108,3.56439,57.987790000000004
Switzerland,German assimilated,Europe,CHF,0.5589999999999999,1995,1.1505,92.38619100005242,2.3467700000000002,59.283069999999995
Switzerland,German assimilated,Europe,CHF,0.565,1996,1.3464,93.13531353135309,1.78676,63.28496
Switzerland,German assimilated,Europe,CHF,2.294,1997,1.4553,93.6183142123736,1.0,66.58981999999999
Switzerland,German assimilated,Europe,CHF,2.8710000000000004,1998,1.3765,93.6350777934937,1.0367600000000001,67.45129
Switzerland,German assimilated,Europe,CHF,1.607,1999,1.5996,94.3915343915344,1.35701,68.1265
Switzerland,German assimilated,Europe,CHF,4.1339999999999995,2000,1.6365,95.8656818062759,3.5,66.97157
Switzerland,German assimilated,Europe,CHF,1.44,2001,1.6773,96.81491958719678,1.65,68.83036
Switzerland,German assimilated,Europe,CHF,0.151,2002,1.3868,97.43412436481741,0.44,71.51274000000001
Switzerland,German assimilated,Europe,CHF,0.084,2003,1.2369,98.05437686625808,0.09,77.38605
Switzerland,German assimilated,Europe,CHF,2.6660000000000004,2004,1.1316,98.8401697312588,0.55,80.06158
Switzerland,German assimilated,Europe,CHF,3.09,2005,1.3143,100.0,0.63,83.29073000000001
Switzerland,German assimilated,Europe,CHF,4.099,2006,1.2203,101.061344229661,1.94,85.40566
Switzerland,German assimilated,Europe,CHF,4.1339999999999995,2007,1.1255,101.80732358950199,2.0,87.19714
Switzerland,German assimilated,Europe,CHF,2.221,2008,1.0637,104.284142699984,0.01,89.07598
Switzerland,German assimilated,Europe,CHF,-2.114,2009,1.0305,103.78647388548401,0.05,94.04547
Switzerland,German assimilated,Europe,CHF,2.87,2010,0.9396,104.49683063544501,0.04,100.0
Switzerland,German assimilated,Europe,CHF,1.8980000000000001,2011,0.9409,104.733616218765,0.07,106.8858
Switzerland,German assimilated,Europe,CHF,1.101,2012,0.9166,104.003352716224,-0.2,115.3383
Switzerland,German assimilated,Europe,CHF,1.943,2013,0.8915,103.77599664728399,0.01,128.7813
Switzerland,German assimilated,Europe,CHF,1.891,2014,0.9891,103.836764628844,-2.0,133.8064
Switzerland,German assimilated,Europe,CHF,0.855,2015,0.9921,104.089266069464,-1.0,136.3814
Switzerland,German assimilated,Europe,CHF,3.688,1985,2.0765,69.8884174131699,4.36581,36.69396
Switzerland,German assimilated,Europe,CHF,1.86,1986,1.6235,70.4080884278904,2.63214,39.08229
Switzerland,German assimilated,Europe,CHF,1.518,1987,1.278,71.4180941903714,0.29044000000000003,42.6616
Switzerland,German assimilated,Europe,CHF,1.561,1981,1.7985,60.3415579653203,5.8511,29.440720000000002
Switzerland,German assimilated,Europe,CHF,-1.476,1982,1.9945,63.7634239614438,1.04356,30.05745
Switzerland,German assimilated,Europe,CHF,0.6970000000000001,1983,2.1795,65.6451359421657,2.46023,32.10942
Switzerland,German assimilated,Europe,CHF,3.092,1984,2.585,67.5729477709676,4.85081,34.163129999999995
Taiwan,German assimilated,Asia & Pacific,TWD,5.575,2002,34.77005,96.4615864748233,,
Taiwan,German assimilated,Asia & Pacific,TWD,4.121,2003,33.95,96.1946988366712,,
Taiwan,German assimilated,Asia & Pacific,TWD,6.506,2004,31.690009999999997,97.7443689936829,,
Taiwan,German assimilated,Asia & Pacific,TWD,5.416,2005,32.843,100.0,,
Taiwan,German assimilated,Asia & Pacific,TWD,5.622999999999999,2006,32.58501,100.597268706348,,
Taiwan,German assimilated,Asia & Pacific,TWD,6.517,2007,32.434490000000004,102.40629338269301,,
Taiwan,German assimilated,Asia & Pacific,TWD,0.7040000000000001,2008,32.818020000000004,106.016809616564,,
Taiwan,German assimilated,Asia & Pacific,TWD,-1.567,2009,31.985020000000002,105.092388321514,,
Taiwan,German assimilated,Asia & Pacific,TWD,10.630999999999998,2010,29.156509999999997,106.103978562896,,
Taiwan,German assimilated,Asia & Pacific,TWD,3.805,2011,30.278990000000004,107.618135445476,,
Taiwan,German assimilated,Asia & Pacific,TWD,2.064,2012,29.039009999999998,109.696200079636,,
Taiwan,German assimilated,Asia & Pacific,TWD,2.2319999999999998,2013,29.8035,110.56681338312401,,
Taiwan,German assimilated,Asia & Pacific,TWD,3.925,2014,31.601979999999998,112.114331220473,,
Taiwan,German assimilated,Asia & Pacific,TWD,0.745,2015,32.847,114.357048308815,,
Taiwan,German assimilated,Asia & Pacific,TWD,6.501,1995,27.28616,90.111167310569,,
Taiwan,German assimilated,Asia & Pacific,TWD,6.175,1996,27.500020000000003,92.88120271622739,,
Taiwan,German assimilated,Asia & Pacific,TWD,6.1129999999999995,1997,32.66704,93.7206073846088,,
Taiwan,German assimilated,Asia & Pacific,TWD,4.211,1998,32.21658,95.30148617672701,,
Taiwan,German assimilated,Asia & Pacific,TWD,6.7170000000000005,1999,31.35003,95.4661386309095,,
Taiwan,German assimilated,Asia & Pacific,TWD,6.421,2000,33.08202,96.6628283632685,,
Taiwan,German assimilated,Asia & Pacific,TWD,-1.26,2001,34.99005,96.6552952444497,,
Taiwan,German assimilated,Asia & Pacific,TWD,7.494,1994,26.288,86.92465805021358,,
Total,Total,Total,All,100,,100,100.0,100,100.0
United Kingdom,Common Wealth,Europe,GBP,-0.847,1981,0.524109,44.882,13.55,
United Kingdom,Common Wealth,Europe,GBP,2.076,1982,0.619387,48.701,10.71,
United Kingdom,Common Wealth,Europe,GBP,4.202,1983,0.6893699999999999,51.233000000000004,8.99,
United Kingdom,Common Wealth,Europe,GBP,2.258,1984,0.8646780000000001,53.511,9.19,
United Kingdom,Common Wealth,Europe,GBP,3.545,1985,0.692281,56.273,11.5,
United Kingdom,Common Wealth,Europe,GBP,3.16,1986,0.678196,58.313,10.83,
United Kingdom,Common Wealth,Europe,GBP,5.546,1987,0.534331,60.684,8.51,11.712810000000001
United Kingdom,Common Wealth,Europe,GBP,5.934,1988,0.552639,63.483000000000004,12.57,13.7391
United Kingdom,Common Wealth,Europe,GBP,2.5180000000000002,1989,0.622859,66.808,14.98,16.310660000000002
United Kingdom,Common Wealth,Europe,GBP,0.537,1990,0.518672,71.467,14.35,18.880329999999997
United Kingdom,Common Wealth,Europe,GBP,-1.236,1991,0.534559,76.85,10.72,19.98863
United Kingdom,Common Wealth,Europe,GBP,0.447,1992,0.6613760000000001,80.125,6.82,20.64443
United Kingdom,Common Wealth,Europe,GBP,2.6460000000000004,1993,0.675128,82.133,5.88,21.36126
United Kingdom,Common Wealth,Europe,GBP,4.025,1994,0.64,83.758,5.44,22.54636
United Kingdom,Common Wealth,Europe,GBP,2.53,1995,0.645161,85.98299999999999,6.69,24.23605
United Kingdom,Common Wealth,Europe,GBP,2.667,1996,0.588928,88.117,5.83,28.027479999999997
United Kingdom,Common Wealth,Europe,GBP,2.553,1997,0.604668,89.68299999999999,7.1379,31.295409999999997
United Kingdom,Common Wealth,Europe,GBP,3.511,1998,0.601142,91.10799999999999,6.375,34.08513
United Kingdom,Common Wealth,Europe,GBP,3.1510000000000002,1999,0.6186590000000001,92.325,4.7814,35.346109999999996
United Kingdom,Common Wealth,Europe,GBP,3.7689999999999997,2000,0.670151,93.05,5.7383,38.06232
United Kingdom,Common Wealth,Europe,GBP,2.665,2001,0.689465,94.2,4.5841,42.001290000000004
United Kingdom,Common Wealth,Europe,GBP,2.452,2002,0.620424,95.383,4.3953,44.23835
United Kingdom,Common Wealth,Europe,GBP,4.3,2003,0.560318,96.68299999999999,3.7778,46.8223
United Kingdom,Common Wealth,Europe,GBP,2.454,2004,0.517759,97.98299999999999,4.7618,51.64718
United Kingdom,Common Wealth,Europe,GBP,2.807,2005,0.580754,99.992,4.6381,56.86325
United Kingdom,Common Wealth,Europe,GBP,3.042,2006,0.509424,102.325,5.0844,64.08321
United Kingdom,Common Wealth,Europe,GBP,2.556,2007,0.499151,104.7,5.5964,72.7553
United Kingdom,Common Wealth,Europe,GBP,-0.332,2008,0.6859649999999999,108.48299999999999,1.6525,83.20774
United Kingdom,Common Wealth,Europe,GBP,-4.311,2009,0.617475,110.833,0.4492,91.93514
United Kingdom,Common Wealth,Europe,GBP,1.911,2010,0.638774,114.475,0.5173,100.0
United Kingdom,Common Wealth,Europe,GBP,1.645,2011,0.6467890000000001,119.60799999999999,0.5201,98.38873000000001
United Kingdom,Common Wealth,Europe,GBP,0.659,2012,0.633714,122.98299999999999,0.4309,96.72846
United Kingdom,Common Wealth,Europe,GBP,1.665,2013,0.607238,126.125,0.4215,100.7928
United Kingdom,Common Wealth,Europe,GBP,2.853,2014,0.6406970000000001,128.18200000000002,0.428,100.3019
United Kingdom,Common Wealth,Europe,GBP,2.248,2015,0.674809,130.489,0.4575,100.0753
United States,Common Wealth,North America,USD,2.6660000000000004,2006,1.0,103.221742537141,5.24,79.649
United States,Common Wealth,North America,USD,1.7790000000000001,2007,1.0,106.18486482611,4.24,84.5388
United States,Common Wealth,North America,USD,-0.292,2008,1.0,110.235728515315,0.16,90.28199000000001
United States,Common Wealth,North America,USD,-2.7760000000000002,2009,1.0,109.882878315332,0.12,97.55336
United States,Common Wealth,North America,USD,2.532,2010,1.0,111.68297766647699,0.18,100.0
United States,Common Wealth,North America,USD,1.6019999999999999,2011,1.0,115.192019132777,0.07,107.351
United States,Common Wealth,North America,USD,2.3209999999999997,2012,1.0,117.582079921338,0.16,116.6031
United States,Common Wealth,North America,USD,2.219,2013,1.0,119.303312899773,0.09,124.4778
United States,Common Wealth,North America,USD,2.428,2014,1.0,121.660598052922,0.12,132.1634
United States,Common Wealth,North America,USD,2.426,2015,1.0,124.24731265395599,0.24,139.8393
United States,Common Wealth,North America,USD,0.976,2001,1.0,90.6666256971224,1.82,60.292790000000004
United States,Common Wealth,North America,USD,1.786,2002,1.0,92.1133627289813,1.24,64.76132
United States,Common Wealth,North America,USD,2.807,2003,1.0,94.22995180957359,0.98,69.27901
United States,Common Wealth,North America,USD,3.785,2004,1.0,96.74343335023329,2.16,72.56742
United States,Common Wealth,North America,USD,3.345,2005,1.0,100.0,4.16,75.67574
United States,Common Wealth,North America,USD,4.092,2000,1.0,88.1828470760549,6.4,55.521119999999996
United States,Common Wealth,North America,USD,2.594,1981,1.0,46.5685446081519,12.37,19.5424
United States,Common Wealth,North America,USD,-1.911,1982,1.0,49.4364127067042,8.95,21.307
United States,Common Wealth,North America,USD,4.633,1983,1.0,50.9983765818085,9.47,23.908520000000003
United States,Common Wealth,North America,USD,7.2589999999999995,1984,1.0,53.22609555121959,8.38,25.82266
United States,Common Wealth,North America,USD,4.238,1985,1.0,55.104037036468,8.27,28.121509999999997
United States,Common Wealth,North America,USD,3.512,1986,1.0,56.175390618998605,6.91,30.405620000000003
United States,Common Wealth,North America,USD,3.4619999999999997,1987,1.0,58.185458884501706,6.77,32.37794
United States,Common Wealth,North America,USD,4.204,1988,1.0,60.5709105993332,8.76,34.11626
United States,Common Wealth,North America,USD,3.68,1989,1.0,63.473090691207396,8.45,35.55638
United States,Common Wealth,North America,USD,1.919,1990,1.0,66.91248393225679,7.31,37.510670000000005
United States,Common Wealth,North America,USD,-0.07400000000000001,1991,1.0,69.7337491742076,4.43,38.89638
United States,Common Wealth,North America,USD,3.555,1992,1.0,71.8544352092263,2.92,39.61391
United States,Common Wealth,North America,USD,2.7460000000000004,1993,1.0,73.9884363461312,2.96,40.01996
United States,Common Wealth,North America,USD,4.038,1994,1.0,75.90888373355459,5.45,40.51648
United States,Common Wealth,North America,USD,2.719,1995,1.0,78.0382757967296,5.6,41.33866
United States,Common Wealth,North America,USD,3.7960000000000003,1996,1.0,80.3300096790548,5.29,43.32922
United States,Common Wealth,North America,USD,4.487,1997,1.0,82.20795116430321,5.5,45.513529999999996
United States,Common Wealth,North America,USD,4.45,1998,1.0,83.4795433944292,4.68,48.76742
United States,Common Wealth,North America,USD,4.685,1999,1.0,85.3103699037728,5.3,52.357040000000005
Australia,Common Wealth,Asia & Pacific,AUD,2.721,2011,0.98464,119.644471226273,4.3,109.6543
Australia,Common Wealth,Asia & Pacific,AUD,3.6,2012,0.9610799999999999,121.753540222959,3.03,118.2895
Australia,Common Wealth,Asia & Pacific,AUD,2.057,2013,1.1280299999999999,124.73636637541401,2.5,126.1671
Australia,Common Wealth,Asia & Pacific,AUD,2.616,2014,1.2192100000000001,128.116902681531,2.5,135.2948
Australia,Common Wealth,Asia & Pacific,AUD,2.479,2015,1.36874,131.50587526363398,2.0,144.4927
Austria,German assimilated,Europe,EUR,3.4419999999999997,1991,0.7767999244202521,76.892,,32.367329999999995
Austria,German assimilated,Europe,EUR,2.094,1992,0.8251273591418791,79.525,,34.91829
Austria,German assimilated,Europe,EUR,0.527,1993,0.8824662253003199,82.1,,37.35133
Austria,German assimilated,Europe,EUR,2.4019999999999997,1994,0.7971483179872529,84.325,5.24,39.12202
